PARLAMENTARIO_ID,NOMBRE_COMPLETO,VIGENTE,FECHA_NACIMIENTO,CAMARA_ACTUAL,CAMARA,INICIO,FINAL,UNIDAD_QUE_REPRESENTA,PARTIDO_ID
4611,Cristhian Moreira Barros,1,1961-09-05,C.Diputados,C. Diputados,2022.0,2026.0,13er Distrito,1
5209,Daniela Serrano Salazar,1,1995-03-17,C.Diputados,C. Diputados,2022.0,2026.0,12° Distrito,2
5194,Cristian Tapia Ramos,1,1968-07-14,C.Diputados,C. Diputados,2022.0,2026.0,4° Distrito,3
5203,Cristian Araya Lerdo De Tejada,1,1988-09-30,C.Diputados,C. Diputados,2022.0,2026.0,11° Distrito,4
4647,Cristian Labbe Martinez,1,1980-03-06,C.Diputados,C. Diputados,2022.0,2026.0,8º Distrito,5
5265,Cristobal Martinez Ramirez,1,1984-04-30,C.Diputados,C. Diputados,2022.0,2026.0,19° Distrito,1
4549,Cristobal Urruticoechea Rios,1,1975-11-21,C.Diputados,C. Diputados,2022.0,2026.0,21er Distrito,3
4589,Luz Eliana Ebensperger Orrego,1,1964-03-08,Senado,Senado,2018.0,2026.0,2ª Circunscripción,1
4629,Raul Soto Mardones,1,1987-11-20,C.Diputados,C. Diputados,2022.0,2026.0,15° Distrito,6
4576,Maite Orsini Pascal,1,1988-02-23,C.Diputados,C. Diputados,2022.0,2026.0,9º Distrito,7
5216,Daniel Lilayu Vivanco,1,1949-03-02,C.Diputados,C. Diputados,2022.0,2026.0,25° Distrito,1
5201,Daniel Manouchehri Lobos,1,1984-05-25,C.Diputados,C. Diputados,2022.0,2026.0,5° Distrito,8
4537,Daniel Melo Contreras,1,1979-02-18,C.Diputados,C. Diputados,2022.0,2026.0,13er Distrito,8
4513,Daniel Nunez Arancibia,1,1971-01-07,Senado,Senado,2022.0,2030.0,5ª Circunscripción,2
5192,Jaime Araya Guerrero,1,1976-02-04,C.Diputados,C. Diputados,2022.0,2026.0,3er Distrito,3
4585,Raul Leiva Carvajal,1,1974-03-24,C.Diputados,C. Diputados,2022.0,2026.0,14° Distrito,8
4510,Daniella Cicardini Milla,1,1987-12-31,C.Diputados,C. Diputados,2022.0,2026.0,4° Distrito,8
4562,Cosme Mellado Pino,1,1960-02-24,C.Diputados,C. Diputados,2022.0,2026.0,16° Distrito,9
5186,Danisa Astudillo Peiretti,1,1975-05-03,C.Diputados,C. Diputados,2022.0,2026.0,2° Distrito,8
1646,David Sandoval Plaza,1,1952-10-20,Senado,Senado,2018.0,2026.0,14a Circunscripción,1
4551,Diego Ibanez Cotroneo,1,1989-01-25,C.Diputados,C. Diputados,2022.0,2026.0,6º Distrito,7
4617,Diego Schalper Sepulveda,1,1985-03-14,C.Diputados,C. Diputados,2022.0,2026.0,15° Distrito,10
1713,Ivan Moreira Barros,1,1956-11-08,Senado,Senado,2022.0,2030.0,13ª Circunscripción,1
4530,Ivan Flores Garcia,1,1955-06-15,Senado,Senado,2022.0,2030.0,12ª Circunscripción,11
4521,Manuel Jose Ossandon Irarrazabal,1,1962-08-24,Senado,Senado,2022.0,2030.0,7ª Circunscripción,10
3494,Isabel Allende Bussi,1,1945-01-18,Senado,Senado,2018.0,2026.0,6ª Circunscripción,8
4591,Rafael Prohens Espinosa,1,1955-06-12,Senado,Senado,2018.0,2026.0,4ª Circunscripción,10
5251,Eduardo Cornejo Lagos,1,1972-01-12,C.Diputados,C. Diputados,2022.0,2026.0,16° Distrito,1
4598,Eduardo Duran Salinas,1,1972-01-01,C.Diputados,C. Diputados,2022.0,2026.0,13er Distrito,10
5212,Hector Ulloa Aguilera,1,1969-08-06,C.Diputados,C. Diputados,2022.0,2026.0,26° Distrito,3
5246,Marcela Riquelme Aliaga,1,1973-03-04,C.Diputados,C. Diputados,2022.0,2026.0,15° Distrito,7
4553,Emilia Nuyado Ancapichun,1,1968-08-17,C.Diputados,C. Diputados,2022.0,2026.0,25º Distrito,8
4540,Renzo Trisotti Martinez,1,1976-03-15,C.Diputados,C. Diputados,2022.0,2026.0,2° Distrito,3
5268,Consuelo Veloso Avila,1,1994-02-11,C.Diputados,C. Diputados,2022.0,2026.0,18° Distrito,3
5232,Ruben Dario Oyarzo Figueroa,1,1980-12-13,C.Diputados,C. Diputados,2022.0,2026.0,8° Distrito,3
5206,Carolina Tello Rojas,1,1985-12-01,C.Diputados,C. Diputados,2022.0,2026.0,5° Distrito,7
3069,Carlos Ignacio Kuschel Silva,1,1953-03-16,Senado,Senado,2022.0,2030.0,13ª Circunscripción,10
4572,Jorge Brito Hasbun,1,1990-01-12,C.Diputados,C. Diputados,2022.0,2026.0,7º Distrito,7
187,Rojo Edwards Silva,1,1977-07-15,Senado,Senado,2022.0,2030.0,7ª Circunscripción,12
4604,Jorge Alessandri Vergara,1,1979-06-08,C.Diputados,C. Diputados,2022.0,2026.0,10º Distrito,1
5228,Luis Fernando Sanchez Ossa,1,1988-10-04,C.Diputados,C. Diputados,2022.0,2026.0,7° Distrito,4
4633,Rodrigo Galilea Vial,1,1966-11-03,Senado,Senado,2018.0,2026.0,9ª Circunscripción,10
5271,Johannes Kaiser Barents-Von Hohenhagen,1,1976-01-05,C.Diputados,C. Diputados,2022.0,2026.0,10° Distrito,3
4524,Joaquin Lavin Leon,1,1979-05-25,C.Diputados,C. Diputados,2022.0,2026.0,8° Distrito,5
5252,Roberto Arroyo Munoz,1,1963-11-29,C.Diputados,C. Diputados,2022.0,2026.0,20° Distrito,12
4593,Carmen Gloria Aravena Acuna,1,1967-01-06,Senado,Senado,2018.0,2026.0,11ª Circunscripción,4
4597,Carmen Hertz Cadiz,1,1945-06-19,C.Diputados,C. Diputados,2022.0,2026.0,8º Distrito,2
5185,Luis Malla Valenzuela,1,1992-05-16,C.Diputados,C. Diputados,2022.0,2026.0,1er Distrito,13
4565,Joanna Perez Olea,1,1976-04-01,C.Diputados,C. Diputados,2022.0,2026.0,21er Distrito,3
4550,Carolina Marzan Pinto,1,1963-12-22,C.Diputados,C. Diputados,2022.0,2026.0,6º Distrito,6
4561,Catalina Del Real Mihovilovic,1,1968-11-07,C.Diputados,C. Diputados,2022.0,2026.0,11° Distrito,3
135,Rene Alinco Bustos,1,1958-06-02,C.Diputados,C. Diputados,2022.0,2026.0,27° Distrito,3
4607,Catalina Perez Salinas,1,1990-12-18,C.Diputados,C. Diputados,2022.0,2026.0,3er Distrito,7
5190,Javiera Morales Alvarado,1,1983-11-16,C.Diputados,C. Diputados,2022.0,2026.0,28° Distrito,7
2281,Javier Macaya Danus,1,1979-11-11,Senado,Senado,2022.0,2030.0,8ª Circunscripción,1
5218,Chiara Barchiesi Chavez,1,1996-12-22,C.Diputados,C. Diputados,2022.0,2026.0,6° Distrito,4
5189,Christian Matheson Villan,1,1957-12-17,C.Diputados,C. Diputados,2022.0,2026.0,28° Distrito,3
3099,Ricardo Lagos Weber,1,1962-02-21,Senado,Senado,2018.0,2026.0,6ª Circunscripción,6
5239,Clara Sagardia Cabezas,1,1952-08-13,C.Diputados,C. Diputados,2022.0,2026.0,21° Distrito,7
4548,Claudia Mix Jimenez,1,1969-07-13,C.Diputados,C. Diputados,2022.0,2026.0,8º Distrito,7
5193,Claudia Pascual Grau,1,1972-12-14,Senado,Senado,2022.0,2030.0,7ª Circunscripción,2
5210,Jaime Saez Quiroz,1,1985-12-09,C.Diputados,C. Diputados,2022.0,2026.0,26° Distrito,7
5200,Ricardo Cifuentes Lillo,1,1962-09-12,C.Diputados,C. Diputados,2022.0,2026.0,5° Distrito,11
1570,Jaime Quintana Leal,1,1967-10-22,Senado,Senado,2018.0,2026.0,11ª Circunscripción,6
1978,Jaime Naranjo Ortiz,1,1951-01-12,C.Diputados,C. Diputados,2022.0,2026.0,18° Distrito,8
1782,Jaime Mulet Martinez,1,1963-08-03,C.Diputados,C. Diputados,2022.0,2026.0,4° Distrito,14
5266,Emilia Schneider Videla,1,1996-10-23,C.Diputados,C. Diputados,2022.0,2026.0,10° Distrito,7
5215,Hector Barria Angulo,1,1980-04-24,C.Diputados,C. Diputados,2022.0,2026.0,25° Distrito,11
339,Pedro Araya Guerrero,1,1974-06-16,Senado,Senado,2022.0,2030.0,Circunscripción N° 3,3
4563,Francisco Undurraga Gazitua,1,1965-09-29,C.Diputados,C. Diputados,2022.0,2026.0,Distrito N° 11,15
5243,Marta Gonzalez Olea,1,1980-10-23,C.Diputados,C. Diputados,2022.0,2026.0,15° Distrito,3
5217,Nelson Venegas Salazar,1,1974-04-27,C.Diputados,C. Diputados,2022.0,2026.0,6° Distrito,8
685,Francisco Chahuan Chahuan,1,1971-05-20,Senado,Senado,2018.0,2026.0,6ª Circunscripción,10
5205,Nathalie Castillo Rojas,1,1983-07-02,C.Diputados,C. Diputados,2022.0,2026.0,5° Distrito,2
5241,Natalia Romero Talguia,1,1985-06-29,C.Diputados,C. Diputados,2022.0,2026.0,15° Distrito,3
71,Francisco Huenchumilla Jaramillo,1,1944-03-22,Senado,Senado,2018.0,2026.0,11a Circunscripción,11
5202,Gonzalo De La Carrera Correa,1,1962-01-13,C.Diputados,C. Diputados,2022.0,2026.0,11° Distrito,3
5208,Monica Arce Castro,1,1986-03-02,C.Diputados,C. Diputados,2022.0,2026.0,12° Distrito,3
4602,Gonzalo Winter Etcheberry,1,1987-01-06,C.Diputados,C. Diputados,2022.0,2026.0,10° Distrito,7
5247,Maria Candelaria Acevedo Saez,1,1958-09-12,C.Diputados,C. Diputados,2022.0,2026.0,20° Distrito,2
5263,Francisco Pulgar Castillo,1,1971-05-27,C.Diputados,C. Diputados,2022.0,2026.0,17° Distrito,3
4610,Miguel Angel Calisto Aguila,1,1985-07-19,C.Diputados,C. Diputados,2022.0,2026.0,27º Distrito,16
5219,Maria Francisca Bello Campos,1,1987-09-17,C.Diputados,C. Diputados,2022.0,2026.0,6° Distrito,7
4571,Miguel Mellado Suazo,1,1958-12-29,C.Diputados,C. Diputados,2022.0,2026.0,23° Distrito,10
5235,Gloria Naveillan Arriagada,1,1960-11-03,C.Diputados,C. Diputados,2022.0,2026.0,22° Distrito,3
5204,Marcia Raphael Mora,1,1963-12-06,C.Diputados,C. Diputados,2022.0,2026.0,27° Distrito,10
3669,Frank Sauerbaum Munoz,1,1972-11-21,C.Diputados,C. Diputados,2022.0,2026.0,19° Distrito,10
5196,Maria Jose Gatica Bertin,1,1984-04-15,Senado,Senado,2022.0,2030.0,12ª Circunscripción,10
5274,Maria Luisa Cordero Velasquez,1,1943-01-23,C.Diputados,C. Diputados,2022.0,2026.0,10° Distrito,3
5254,Felix Bugueno Sotelo,1,1973-05-18,C.Diputados,C. Diputados,2022.0,2026.0,16° Distrito,7
5234,Miguel Becker Alvear,1,1960-10-07,C.Diputados,C. Diputados,2022.0,2026.0,23er Distrito,10
4554,Felix Gonzalez Gatica,1,1972-05-26,C.Diputados,C. Diputados,2022.0,2026.0,20º Distrito,17
5261,Mercedes Bulnes Nunez,1,1950-06-06,C.Diputados,C. Diputados,2022.0,2026.0,17° Distrito,7
5214,Mauro Gonzalez Villaroel,1,1985-05-25,C.Diputados,C. Diputados,2022.0,2026.0,26° Distrito,10
4622,Gael Yeomans Araya,1,1988-12-04,C.Diputados,C. Diputados,2022.0,2026.0,13er Distrito,7
5226,Mauricio Ojeda Rebolledo,1,1982-01-19,C.Diputados,C. Diputados,2022.0,2026.0,23er Distrito,3
3735,Matias Walker Prieto,1,1973-07-19,Senado,Senado,2022.0,2030.0,5ª Circunscripción,16
1894,Gaspar Rivas Sanchez,1,1978-05-17,C.Diputados,C. Diputados,2022.0,2026.0,6° Distrito,3
5187,Matias Ramirez Pascal,1,1984-11-14,C.Diputados,C. Diputados,2022.0,2026.0,2° Distrito,2
4601,Gaston Saavedra Chandia,1,1955-11-22,Senado,Senado,2022.0,2030.0,10ª Circunscripción,8
4600,Francesca Munoz Gonzalez,1,1980-03-01,C.Diputados,C.Diputados,2022.0,2026.0,20° Distrito,12
5262,Marta Bravo Salinas,1,1976-02-25,C.Diputados,C. Diputados,2022.0,2026.0,19° Distrito,5
5256,Marlene Perez Cartes,1,1973-05-10,C.Diputados,C. Diputados,2022.0,2026.0,20° Distrito,3
5244,Flor Weisse Novoa,1,1960-03-27,C.Diputados,C. Diputados,2022.0,2026.0,21° Distrito,5
5184,Enrique Lee Flores,1,1967-12-16,C.Diputados,C. Diputados,2022.0,2026.0,1er Distrito,3
2128,Enrique Van Rysselberghe Herrera,1,1976-09-17,Senado,Senado,2022.0,2030.0,10ª Circunscripción,1
5303,Paulina Vodanovic Rojas,1,1971-09-20,Senado,Senado,2018.0,2026.0,9ª Circunscripción,8
4542,Paulina Nunez Urrutia,1,1982-12-30,Senado,Senado,2022.0,2030.0,3a Circunscripción,18
5269,Paula Labra Besserer,1,1987-05-04,C.Diputados,C. Diputados,2022.0,2026.0,18° Distrito,3
5253,Eric Aedo Jeldres,1,1968-07-13,C.Diputados,C. Diputados,2022.0,2026.0,20° Distrito,11
5225,Ericka Nanco Vasquez,1,1992-03-20,C.Diputados,C. Diputados,2022.0,2026.0,23er Distrito,7
4621,Erika Olivera De La Fuente,1,1976-01-04,C.Diputados,C. Diputados,2022.0,2026.0,9º Distrito,16
5198,Marco Sulantay Olivares,1,1973-03-31,C.Diputados,C. Diputados,2022.0,2026.0,5° Distrito,1
4583,Patricio Rosas Barrientos,1,1968-05-06,C.Diputados,C. Diputados,2022.0,2026.0,24º Distrito,7
4564,Hugo Rey Martinez,1,1973-12-06,C.Diputados,C. Diputados,2022.0,2026.0,17 ° Distrito,10
4609,Marcos Ilabaca Cerda,1,1970-10-05,C.Diputados,C. Diputados,2022.0,2026.0,24º Distrito,8
5220,Hotuiti Teao Drago,1,1977-08-01,C.Diputados,C. Diputados,2022.0,2026.0,7° Distrito,3
4599,Esteban Velasquez Nunez,1,1962-12-26,Senado,Senado,2022.0,2030.0,3a Circunscripción,14
4628,Pamela Jiles Moreno,1,1960-11-30,C.Diputados,C. Diputados,2022.0,2026.0,12° Distrito,19
5207,Hernan Palma Perez,1,1958-11-03,C.Diputados,C. Diputados,2022.0,2026.0,12° Distrito,3
5195,Fabiola Campillai Rojas,1,1983-05-17,Senado,Senado,2022.0,2030.0,7ª Circunscripción,3
5233,Henry Leal Bizama,1,1972-09-16,C.Diputados,C. Diputados,2022.0,2026.0,23er Distrito,1
5275,Helia Molina Milman,1,1947-04-02,C.Diputados,C. Diputados,2022.0,2026.0,10° Distrito,6
4603,Harry Jurgensen Rundshagen,1,1968-09-03,C.Diputados,C. Diputados,2022.0,2026.0,25º Distrito,3
5260,Felipe Camano Cardenas,1,1991-08-21,C.Diputados,C. Diputados,2022.0,2026.0,19° Distrito,3
5257,Felipe Donoso Castro,1,1982-12-12,C.Diputados,C. Diputados,2022.0,2026.0,17° Distrito,1
4030,Felipe Kast Sommerhoff,1,1977-06-09,Senado,Senado,2018.0,2026.0,11° Circunscripción,15
4623,Gustavo Sanhueza Duenas,1,1966-12-10,Senado,Senado,2022.0,2030.0,16ª Circunscripción,1
5213,Fernando Borquez Montecinos,1,1968-06-06,C.Diputados,C. Diputados,2022.0,2026.0,26° Distrito,5
5270,Gustavo Benavente Vergara,1,1966-08-13,C.Diputados,C. Diputados,2022.0,2026.0,18° Distrito,1
4570,Guillermo Ramirez Diez,1,1979-04-16,C.Diputados,C. Diputados,2022.0,2026.0,11° Distrito,1
1438,Fidel Espinoza Sandoval,1,1970-01-24,Senado,Senado,2022.0,2030.0,13ª Circunscripción,8
4578,Marisela Santibanez Novoa,1,1975-04-24,C.Diputados,C. Diputados,2022.0,2026.0,14° Distrito,3
4567,Jorge Duran Espinoza,1,1980-12-17,C.Diputados,C. Diputados,2022.0,2026.0,9º Distrito,10
1482,Gaston Von Muhlenbrock Zamora,1,1954-12-26,C.Diputados,C. Diputados,2022.0,2026.0,24° Distrito,1
4546,Andres Celis Montt,1,1975-04-08,C.Diputados,C. Diputados,2022.0,2026.0,7º Distrito,10
5211,Ana Maria Gazmuri Vieira,1,1966-01-22,C.Diputados,C. Diputados,2022.0,2026.0,12° Distrito,20
5222,Tomas De Rementeria Venegas,1,1987-03-17,C.Diputados,C. Diputados,2022.0,2026.0,7° Distrito,3
2861,Sergio Bobadilla Munoz,1,1958-03-25,C.Diputados,C. Diputados,2022.0,2026.0,20° Distrito,1
5199,Victor Pino Fuentes,1,1974-12-08,C.Diputados,C. Diputados,2022.0,2026.0,5° Distrito,16
5259,Benjamin Moreno Bascur,1,1993-04-02,C.Diputados,C. Diputados,2022.0,2026.0,17° Distrito,4
5227,Juan Irarrazaval Rossel,1,1983-06-23,C.Diputados,C. Diputados,2022.0,2026.0,14° Distrito,4
4523,Leonardo Soto Ferrada,1,1966-05-15,C.Diputados,C. Diputados,2022.0,2026.0,14° Distrito,8
4619,Jorge Soria Quiroga,1,1936-11-01,Senado,Senado,2018.0,2026.0,2ª Circunscripción,6
4608,Leonidas Romero Saez,1,1955-10-15,C.Diputados,C. Diputados,2022.0,2026.0,20º Distrito,3
5223,Ana Bravo Castro,1,1973-12-03,C.Diputados,C. Diputados,2022.0,2026.0,24° Distrito,8
4528,Bernardo Berger Fett,1,1946-10-04,C.Diputados,C. Diputados,2022.0,2026.0,24° Distrito,3
4606,Juan Ignacio Latorre Riveros,1,1978-03-24,Senado,Senado,2018.0,2026.0,6ª Circunscripción,7
5236,Jorge Saffirio Espinoza,1,1953-06-09,C.Diputados,C. Diputados,2022.0,2026.0,22° Distrito,3
5191,Sebastian Videla Castillo,1,1986-04-29,C.Diputados,C. Diputados,2022.0,2026.0,3er Distrito,3
2717,Alejandra Sepulveda Orbenes,1,1965-11-13,Senado,Senado,2022.0,2030.0,8ª Circunscripción,3
4560,Boris Barrera Moreno,1,1970-05-03,C.Diputados,C. Diputados,2022.0,2026.0,9º Distrito,2
5267,Alejandra Placencia Cabello,1,1978-02-14,C.Diputados,C. Diputados,2022.0,2026.0,10° Distrito,2
5197,Alejandro Kusanovic Glusevic ,1,1960-12-16,Senado,Senado,2022.0,2030.0,15ª Circunscripción,3
3399,Juan Luis Castro Gonzalez,1,1960-04-18,Senado,C. Diputados,2022.0,2026.0,20º Distrito,12
3399,Juan Luis Castro Gonzalez,1,1980-03-07,C.Diputados,C. Diputados,2022.0,2026.0,20º Distrito,12
4594,Camila Flores Oporto,1,1987-02-09,C.Diputados,C. Diputados,2022.0,2026.0,6º Distrito,10
4141,Jose Miguel Insulza Salinas,1,1943-06-02,Senado,Senado,2018.0,2026.0,1ª Circunscripción,8
4531,Vlado Mirosevic Verdugo,1,1987-05-23,C.Diputados,C. Diputados,2022.0,2026.0,1er. Distrito,13
1925,Alfonso De Urresti Longton,1,1966-03-07,Senado,Senado,2022.0,2030.0,12ª Circunscripción,8
279,Jose Gilberto Garcia Ruminot,1,1955-05-22,Senado,Senado,2018.0,2026.0,11ª Circunscripción,10
4579,Sofia Cid Versalovic,1,1971-09-29,C.Diputados,C. Diputados,2022.0,2026.0,4º Distrito,10
4624,Juan Santana Castillo,1,1989-09-20,C.Diputados,C. Diputados,2022.0,2026.0,4º Distrito,8
5229,Stephan Schubert Rubio,1,1977-12-19,C.Diputados,C. Diputados,2022.0,2026.0,23er Distrito,3
5248,Viviana Delgado Riquelme,1,1973-09-04,C.Diputados,C. Diputados,2022.0,2026.0,8° Distrito,3
4545,Alexis Sepulveda Soto,1,1969-12-29,C.Diputados,C. Diputados,2022.0,2026.0,17° Distrito,9
4581,Jose Miguel Castro Bascunan,1,1974-08-05,C.Diputados,C. Diputados,2022.0,2026.0,3er Distrito,10
5272,Jose Carlos Meza Pereira,1,1989-03-07,C.Diputados,C. Diputados,2022.0,2026.0,9° Distrito,4
5242,Karen Medina Vasquez,1,1982-05-10,C.Diputados,C. Diputados,2022.0,2026.0,21° Distrito,3
4605,Karim Bianchi Retamales,1,1983-01-31,Senado,Senado,2022.0,2030.0,15ª Circunscripción,3
4634,Jose Miguel Durana Semir,1,1960-06-27,Senado,Senado,2018.0,2026.0,1ª Circunscripción,1
4520,Karol Cariola Oliva,1,1987-04-01,C.Diputados,C. Diputados,2022.0,2026.0,9° Distrito,2
4620,Kenneth Pugh Olavarria,1,1959-10-22,Senado,Senado,2018.0,2026.0,6ª Circunscripción,3
4504,Sergio Gahona Salazar,1,1965-09-15,Senado,Senado,2022.0,2030.0,5ª Circunscripción,5
4577,Sebastian Keitel Bianchi,1,1973-02-14,Senado,Senado,2022.0,2030.0,10ª Circunscripción,3
4552,Alejandro Bernales Maldonado,1,1979-02-02,C.Diputados,C. Diputados,2022.0,2026.0,26º Distrito,13
5238,Camila Musante Muller,1,1990-02-06,C.Diputados,C. Diputados,2022.0,2026.0,14° Distrito,3
5245,Alberto Undurraga Vicuna,1,1969-06-17,C.Diputados,C. Diputados,2022.0,2026.0,8° Distrito,11
5230,Luis Alberto Cuello Pena Y Lillo,1,1977-01-24,C.Diputados,C. Diputados,2022.0,2026.0,7° Distrito,2
4559,Andres Longton Herrera,1,1982-05-26,C.Diputados,C. Diputados,2022.0,2026.0,6º Distrito,10
1274,Carlos Bianchi Chelech,1,1960-11-04,C.Diputados,C. Diputados,2022.0,2026.0,28° Distrito,3
5231,Andres Jouannet Valderrama,1,1967-07-29,C.Diputados,C. Diputados,2022.0,2026.0,23er Distrito,21
4569,Luciano Cruz-Coke Carvallo,1,1970-07-01,Senado,Senado,2022.0,2030.0,7ª Circunscripción,15
4596,Camila Rojas Valderrama,1,1991-03-11,C.Diputados,C. Diputados,2022.0,2026.0,7º Distrito,7
4632,Tomas Hirsch Goldschmidt,1,1956-07-19,C.Diputados,C. Diputados,2022.0,2026.0,11° Distrito,20
4618,Ximena Ossandon Irarrazabal,1,1963-12-13,C.Diputados,C. Diputados,2022.0,2026.0,12° Distrito,10
5188,Yovana Ahumada Palma,1,1973-12-24,C.Diputados,C. Diputados,2022.0,2026.0,3er Distrito,3
4539,Loreto Carvajal Ambiado,1,1973-05-18,Senado,Senado,2022.0,2030.0,16ª Circunscripción,22
5273,Andres Giordano Salazar,1,1986-12-29,C.Diputados,C. Diputados,2022.0,2026.0,9° Distrito,7
4592,Ximena Ordenes Neira,1,1973-03-09,Senado,Senado,2018.0,2026.0,14ª Circunscripción,3
2362,Ximena Cecilia Rincon Gonzalez,1,1967-07-05,Senado,Senado,2018.0,2026.0,9ª Circunscripción,3
1778,Juan Antonio Coloma Correa,1,1956-07-15,Senado,Senado,2018.0,2026.0,9ª Circunscripción,1
4543,Juan Antonio Coloma Alamos,1,1980-03-14,C.Diputados,C. Diputados,2022.0,2026.0,14° Distrito,1
5221,Lorena Pizarro Sierra,1,1966-02-14,C.Diputados,C. Diputados,2022.0,2026.0,13er Distrito,2
5255,Jorge Guzman Zepeda,1,1985-06-11,C.Diputados,C. Diputados,2022.0,2026.0,17° Distrito,15
4588,Juan Enrique Castro Prieto,1,1959-11-01,Senado,Senado,2018.0,2026.0,9ª Circunscripción,12
5258,Sara Concha Smith,1,1995-09-09,C.Diputados,C. Diputados,2022.0,2026.0,19° Distrito,12
4506,Jorge Rathgeb Schifferli,1,1967-12-28,C.Diputados,C. Diputados,2022.0,2026.0,22° Distrito,10
4568,Juan Fuenzalida Cobo,1,1973-07-01,C.Diputados,C. Diputados,2022.0,2026.0,5º Distrito,1
5224,Tomas Lagomarsino Guzman,1,1990-07-13,C.Diputados,C. Diputados,2022.0,2026.0,,3
5264,Lorena Fries Monleon,1,1960-04-01,C.Diputados,C. Diputados,2022.0,2026.0,10° Distrito,7
4323,Yasna Provoste Campillay,1,1969-12-16,Senado,Senado,2018.0,2026.0,4ª Circunscripción,11
5250,Agustin Matias Romero Leiva,1,1975-01-03,C.Diputados,C. Diputados,2022.0,2026.0,8° Distrito,4
5249,Carla Morales Maldonado ,1,1977-10-27,C.Diputados,C. Diputados,2022.0,2026.0,16° Distrito,10
5237,Juan Beltran Silva,1,1962-12-19,C.Diputados,C. Diputados,2022.0,2026.0,22º Distrito,10
4558,Alvaro Carter Fernandez,1,1980-10-09,C.Diputados,C. Diputados,2022.0,2026.0,12° Distrito,3
2822,Mario Francisco Duenas Avaria,0,,,,,,,3
3607,Juan Rodriguez Nadruz,0,,,,,,,3
3638,Mario Enrique Rios Santander,0,,,,,,,3
2789,Mario Escobar Urbina,0,,,,,,,3
161,Mario Fuenzalida Mandriaza,0,,,,,,,3
1568,Mario Devaud Ojeda,0,,,,,,,3
507,Marco Antonio Enriquez-Ominami Gumucio,0,,,,,,,3
4214,Mario Desbordes Jimenez,0,,,,,,,3
2868,Juan Segundo Checura Jeria,0,,,,,,,3
2092,Marino Penna Miranda,0,,,,,,,3
1190,Julio Alberto Mercado Illanes,0,,,,,,,3
1717,Mariana Aylwin Oyarzun,0,,,,,,,3
331,Marcos Aurelio Aburto Ochoa,0,,,,,,,3
3557,Marcos Espinosa Monardes,0,,,,,,,3
2826,Juan Valdes Rodriguez,0,,,,,,,3
2847,Juan Tuma Masso,0,,,,,,,3
2441,Margarita Paluz Rivas,0,,,,,,,3
416,Mario Hamuy Berr,0,,,,,,,3
544,Juan De Dios Carmona Peralta,0,,,,,,,3
1762,Juana Dip Muhana,0,,,,,,,3
1831,Marco Antonio Nunez Lozano,0,,,,,,,3
86,Mario Bertolino Rendic,0,,,,,,,3
1222,Mariano Bernales Urmeneta,0,,,,,,,3
3498,Juan Segundo Pulgar Montoya,0,,,,,,,3
2806,Mariano Guerrero ,0,,,,,,,3
1068,Marina Prochelle Aguilar,0,,,,,,,3
1344,Mario Alberto Acuna Cisternas,0,,,,,,,3
1450,Julieta Campusano Chavez,0,,,,,,,3
362,Mario Arnello Romo,0,,,,,,,3
3177,Mario Arturo Mosquera Roa,0,,,,,,,3
2605,Juan Pablo Letelier Morel,0,,,,,,,3
3477,Luis Alfonso Ramirez De La Fuente,0,,,,,,,3
2747,Mario Jaime Reyes Aroca,0,,,,,,,3
1684,Juan Floreal Recabarren Rojas,0,,,,,,,3
3021,Juan Lobos Krause,0,,,,,,,3
2696,Juan Jose Bustos Ramirez,0,,,,,,,3
2416,Maria Adela Maluenda Campos,0,,,,,,,3
2849,Maria Angelica Cristi Marfil,0,,,,,,,3
3145,Maria Antonieta Saa Diaz,0,,,,,,,3
3808,Juan Hamilton Depassier,0,,,,,,,3
745,Maria Elena Carrera Villavicencio,0,,,,,,,3
3362,Maria Eugenia Mella Gajardo,0,,,,,,,3
16,Juan Florencio Galleguillos Vera,0,,,,,,,3
1525,Maria Ines Aguilera Castro,0,,,,,,,3
1382,Martin Manterola Cantuarias,0,,,,,,,3
3002,Maria Jose Hoffmann Opazo,0,,,,,,,3
561,Juan Fernando Vargas Peralta,0,,,,,,,3
2549,Juan Ernesto Penafiel Illanes,0,,,,,,,3
368,Maria Pia Guzman Mena,0,,,,,,,3
3370,Maria Rozas Velasquez,0,,,,,,,3
2681,Maria Silvia Micaela Correa Marin,0,,,,,,,3
2274,Maria Soledad Alvear Valenzuela,0,,,,,,,3
2129,Juan Enrique Taladriz Garcia,0,,,,,,,3
4507,Juan Enrique Morano Cornejo,0,,,,,,,3
1428,Martin Manterola Urzua,0,,,,,,,3
2028,Martin Andonaegui ,0,,,,,,,3
1434,Mario Julio Torres Peralta,0,,,,,,,3
3367,Mario Urrutia Gazmuri,0,,,,,,,3
766,Mario Livio Hurtado Chacon,0,,,,,,,3
431,Mario Marchant Binder,0,,,,,,,3
2255,Mario Modesto Arancibia Cardenas,0,,,,,,,3
2516,Juan Nunez Valenzuela,0,,,,,,,3
413,Mario Palestro Rojas,0,,,,,,,3
3651,Mario Papi Beyer,0,,,,,,,3
3040,Mario Roberto Riquelme Munoz,0,,,,,,,3
1510,Mario Rios Padilla,0,,,,,,,3
1370,Mario Sharpe Carte,0,,,,,,,3
1562,Mario Varela Herrera,0,,,,,,,3
2249,Martita Elvira Worner Tapia,0,,,,,,,3
3192,Mario Venegas Cardenas ,0,,,,,,,3
455,Juan Montedonico Napoli,0,,,,,,,3
1079,Juan Masferrer Pellizzari,0,,,,,,,3
1050,Marisol Turres Figueroa,0,,,,,,,3
3521,Juan Martinez Sepulveda,0,,,,,,,3
1014,Julio Antonio Gaston Duran Neumann,0,,,,,,,3
1563,Juan Luis Ossa Bulnes,0,,,,,,,3
3107,Marta Eliana Isasi Barbieri,0,,,,,,,3
1850,Juan Luis Mauras Novella,0,,,,,,,3
4820,Juan Manuel Masferrer Vidal,0,,,,,,,3
1083,Julio Canessa Robert,0,,,,,,,3
2310,Marco Antonio Cariola Barroilhet,0,,,,,,,3
4522,Luis Rocafull Lopez,0,,,,,,,3
1575,Luis Osvaldo Escobar Astaburuaga,0,,,,,,,3
1665,Leopoldo Segundo Ortega Rodriguez,0,,,,,,,3
3893,Luis Osvaldo Maira Aguirre,0,,,,,,,3
686,Leopoldo Perez Lahsen,0,,,,,,,3
2057,Leopoldo Figari Forno,0,,,,,,,3
3060,Luis Papic Ramos,0,,,,,,,3
4625,Luis Pardo Sainz,0,,,,,,,3
1557,Luis Pareto Gonzalez,0,,,,,,,3
1678,Luis Ricardo Hormazabal Sanchez,0,,,,,,,3
421,Leonardo Hagel Arredondo,0,,,,,,,3
2638,Maria Victoria Ovalle Ovalle,0,,,,,,,3
2403,Lautaro Vergara Osorio,0,,,,,,,3
4574,Karin Luck Urban,0,,,,,,,3
1588,Lautaro Carmona Soto,0,,,,,,,3
573,Luis Uberlindo Espinoza Villalobos,0,,,,,,,3
1998,Laureano Diaz ,0,,,,,,,3
600,Luis Valdes Larrain,0,,,,,,,3
1403,Laura Soto Gonzalez,0,,,,,,,3
2054,Luis Valente Rossi,0,,,,,,,3
954,Luis Valentin Ferrada Valenzuela,0,,,,,,,3
1208,Laura Fiora Rodriguez Riccomini,0,,,,,,,3
991,Luis Videla Salinas,0,,,,,,,3
501,Laura Allende Gossens,0,,,,,,,3
1189,Luzberto Enrique Pantoja Rubilar,0,,,,,,,3
2071,Leopoldo Sanchez Grunert,0,,,,,,,3
414,Luis Navarrete Carvacho,0,,,,,,,3
732,Luis Monge Sanchez,0,,,,,,,3
2682,Liborio Sanchez Cardenas,0,,,,,,,3
2703,Luis Armando Minchel Balladares,0,,,,,,,3
2939,Luis Bossay Leiva,0,,,,,,,3
1166,Luis Alberto Quinteros Tricot,0,,,,,,,3
2938,Luis Corvalan Lepe,0,,,,,,,3
937,Luis Eduardo Undurraga Correa,0,,,,,,,3
3241,Luis Engelberto Raimundo Frias Moran,0,,,,,,,3
2875,Luis Enrique Tejeda Oliva,0,,,,,,,3
3219,Luis Alberto Guastavino Cordova,0,,,,,,,3
1583,Luis Ernesto Aguilera Baez,0,,,,,,,3
3152,Luis Felipe Letelier Icaza,0,,,,,,,3
677,Luis Fernando Luengo Escalona,0,,,,,,,3
1891,Luis Alberto Gonzalez Olivares,0,,,,,,,3
622,Luciano Vasquez Muruaga,0,,,,,,,3
1387,Luis Ferrada Perez,0,,,,,,,3
2859,Luis Gaston Lobos Barrientos,0,,,,,,,3
1776,Luis Godoy Gomez,0,,,,,,,3
904,Luis Gonzalez Canales,0,,,,,,,3
2634,Luis Humberto Figueroa Mazuela,0,,,,,,,3
1485,Luis Le Blanc Valenzuela,0,,,,,,,3
2716,Luis Lemus Aracena,0,,,,,,,3
2536,Luis M. Cardoso ,0,,,,,,,3
1917,Lisandro Fuentealba Troncoso,0,,,,,,,3
2581,Lily Perez San Martin,0,,,,,,,3
3270,Karla Rubilar Barahona,0,,,,,,,3
2657,Justo Munoz ,0,,,,,,,3
852,Marcial Flores ,0,,,,,,,3
4534,Marcela Hernando Perez,0,,,,,,,3
184,Manuel Rioseco Vasquez,0,,,,,,,3
3589,Manuel Roberto Montalba Vega,0,,,,,,,3
3330,Manuel Rodriguez Huenuman,0,,,,,,,3
3122,Manuel Rodriguez Rodriguez,0,,,,,,,3
2640,Manuel Rojas Molina,0,,,,,,,3
1721,Manuel Segundo Cantero Prado,0,,,,,,,3
630,Manuel Valdes ,0,,,,,,,3
2531,Manuel Valdes Solar,0,,,,,,,3
3603,Manuel Vera Carcamo,0,,,,,,,3
83,Marcela Cubillos Sigall,0,,,,,,,3
3097,Julio Dittborn Cordua,0,,,,,,,3
3514,Luis Antonio Fuentealba Medina,0,,,,,,,3
903,Justo Garcia ,0,,,,,,,3
1030,Julio Campos Avila,0,,,,,,,3
2073,Marcela Sabat Fernandez,0,,,,,,,3
4644,Marcela Sandoval Osorio,0,,,,,,,3
3591,Marcelino Ruiz ,0,,,,,,,3
4516,Marcelo Chavez Velasquez,0,,,,,,,3
1833,Julio Bernardo Subercaseaux Barros,0,,,,,,,3
730,Marcelo Diaz Diaz,0,,,,,,,3
3848,Marcelo Forni Lobos,0,,,,,,,3
3014,Marcelo Schilling Rodriguez,0,,,,,,,3
2845,Marcelo Somarriva Undurraga,0,,,,,,,3
1093,Julio Anibal Sepulveda Rondanelli,0,,,,,,,3
3457,Manuel Rafael Senoret Lapsley,0,,,,,,,3
1827,Manuel Monsalve Benavides,0,,,,,,,3
2871,Julio Ernesto Von Muhlenbrock Lira,0,,,,,,,3
3351,Julio Felipe Montt Momberg,0,,,,,,,3
456,Julian Jarpa Caamano,0,,,,,,,3
1966,Julian Abel Echavarri Elorza,0,,,,,,,3
2262,Manuel Antonio Bustos Huerta,0,,,,,,,3
812,Manuel Cerda Concha,0,,,,,,,3
1540,Manuel De Ortuzar Ibanez,0,,,,,,,3
1417,Julio Valenzuela ,0,,,,,,,3
1853,Manuel Diez Garcia,0,,,,,,,3
3134,Manuel Enrique Ferreira Guzman,0,,,,,,,3
2300,Manuel Espinosa Jara,0,,,,,,,3
1865,Julio Silva Solar,0,,,,,,,3
110,Manuel Galilea Widmer,0,,,,,,,3
2019,Manuel Garcia Banqueda,0,,,,,,,3
24,Julio Rojos Astorga,0,,,,,,,3
3843,Manuel Gonzalez ,0,,,,,,,3
3455,Manuel Gonzalez Vilches,0,,,,,,,3
887,Julio Rojas Rojas,0,,,,,,,3
1468,Manuel Hurtado ,0,,,,,,,3
578,Manuel Jesus Gallardo Paz,0,,,,,,,3
2199,Manuel Jesus Gamboa Valenzuela,0,,,,,,,3
1294,Manuel Jose Irarrazaval Larrain,0,,,,,,,3
2537,Manuel Josias Eduardo Magalhaes Medling,0,,,,,,,3
537,Julio Lagos Cosgrove,0,,,,,,,3
3292,Manuel Matta Aragay,0,,,,,,,3
546,Abel Segundo Jarpa Vallejos,0,,,,,,,3
2103,Oscar Gaston Naranjo Arias,0,,,,,,,3
3263,Matias Fernandez ,0,,,,,,,3
617,Santiago Pereira Becerra,0,,,,,,,3
1996,Ruben Gajardo Chacon,0,,,,,,,3
3103,Ruben Hurtado O'Ryan,0,,,,,,,3
4643,Ruben Moraga Mamani,0,,,,,,,3
1424,Ruben Soto Gutierrez,0,,,,,,,3
3027,Ruben Zapata Bravo,0,,,,,,,3
665,Rufo Ruiz Esquide Espinoza,0,,,,,,,3
488,Salomon Corbalan Gonzalez,0,,,,,,,3
2435,Salvador Allende Gossens,0,,,,,,,3
2357,Salvador Correa Larrain,0,,,,,,,3
2278,Salvador Urrutia Cardenas,0,,,,,,,3
2221,Samuel Ernesto Astorga Jorquera,0,,,,,,,3
1718,Samuel Fuentes Andrades,0,,,,,,,3
2960,Samuel Venegas Rubio,0,,,,,,,3
4616,Sandra Amar Mancilla,0,,,,,,,3
1061,Santiago Sinclair Oyaneder,0,,,,,,,3
1470,Rene Manuel Garcia Garcia,0,,,,,,,3
2072,Santiago Ureta Mackenna,0,,,,,,,3
381,Santos Leoncio Medel Basualto,0,,,,,,,3
404,Sebastian Pinera Echenique,0,,,,,,,3
4631,Sebastian Torrealba Alvarado,0,,,,,,,3
4587,Sebastian Alvarez Ramirez,0,,,,,,,3
2500,Selim Carrasco Toledo,0,,,,,,,3
3883,Sergio Aguilo Melo,0,,,,,,,3
1822,Sergio Anfossi Munoz,0,,,,,,,3
832,Sergio Ariel Merino Jarpa,0,,,,,,,3
2125,Sergio Benedicto Elgueta Barrientos,0,,,,,,,3
3141,Sergio Bitar Chacra,0,,,,,,,3
2782,Sergio Correa De La Cerda,0,,,,,,,3
2194,Sergio Eduardo De Praga Diez Urzua,0,,,,,,,3
4332,Sergio Espejo Yaksic,0,,,,,,,3
3780,Rosendo Huenuman Garcia,0,,,,,,,3
3487,Rosauro Martinez Labbe,0,,,,,,,3
3685,Rosa Gonzalez Roman,0,,,,,,,3
1911,Ronald Mc Intyre Mendoza,0,,,,,,,3
2321,Rene Tapia Salgado,0,,,,,,,3
4586,Ricardo Celis Araya,0,,,,,,,3
3252,Ricardo Cornejo ,0,,,,,,,3
3900,Ricardo Fernando Tudela Barraza,0,,,,,,,3
1933,Ricardo Ferrando Keun,0,,,,,,,3
1287,Ricardo Martin Diaz,0,,,,,,,3
124,Ricardo Navarrete Betanzo,0,,,,,,,3
2645,Ricardo Nunez Munoz,0,,,,,,,3
209,Ricardo Otto Weber Kunstmann,0,,,,,,,3
3562,Ricardo Rincon Gonzalez,0,,,,,,,3
528,Ricardo Undurraga Laso,0,,,,,,,3
1139,Ricardo Valenzuela Saez,0,,,,,,,3
1088,Roberto Delmastro Naso,0,,,,,,,3
1860,Roberto Leon Ramirez,0,,,,,,,3
972,Roberto Munoz Barra,0,,,,,,,3
4517,Roberto Poblete Zapata,0,,,,,,,3
1753,Roberto Sepulveda Hermosilla,0,,,,,,,3
1902,Rodolfo Antonio Ramirez Valenzuela,0,,,,,,,3
2324,Rodolfo Leon Lavin,0,,,,,,,3
2525,Rodolfo Seguel Molina,0,,,,,,,3
3322,Rodolfo Stange Oelckers,0,,,,,,,3
258,Rodolfo Werner Inostroza,0,,,,,,,3
1893,Rodrigo Gonzalez Torres,0,,,,,,,3
1011,Rodrigo Alvarez Zenteno,0,,,,,,,3
3431,Rolando Calderon Aranguiz,0,,,,,,,3
4630,Rolando Renteria Moller,0,,,,,,,3
3576,Rolando Rivas Fernandez,0,,,,,,,3
2616,Romilio Gutierrez Pino,0,,,,,,,3
3598,Romy Rebolledo Leyton,0,,,,,,,3
1196,Sergio Fernandez Aguayo,0,,,,,,,3
10,Sergio Fernandez Fernandez,0,,,,,,,3
2133,Sergio Hernan Sepulveda Garces,0,,,,,,,3
494,Vicente Enrique Huerta Celis,0,,,,,,,3
2101,Vilma Eliana Rojas Alfaro,0,,,,,,,3
4580,Virginia Troncoso Hellman,0,,,,,,,3
1226,Vladimir Anselmo Sule Candia,0,,,,,,,3
3388,Vladislav Kuzmicic Calderon,0,,,,,,,3
1617,Volodia Teitelboim Volosky,0,,,,,,,3
625,Victor Barberis Yori,0,,,,,,,3
3775,Victor Barrueto ,0,,,,,,,3
2769,Victor Benito Contreras Tapia,0,,,,,,,3
466,Victor Emerson Gonzalez Maertens,0,,,,,,,3
2646,Victor Galleguillos Clett,0,,,,,,,3
513,Victor Hernan Carmine Zuniga,0,,,,,,,3
1938,Victor Jaramillo ,0,,,,,,,3
3112,Victor Joaquin Garcia Garzena,0,,,,,,,3
2044,Victor Manuel Flores Castelli,0,,,,,,,3
3127,Victor Manuel Rebolledo Gonzalez,0,,,,,,,3
963,Victor Perez Varela,0,,,,,,,3
3203,Victor Reyes Alvarado,0,,,,,,,3
1999,Victor Sbarbaro Campos,0,,,,,,,3
1950,Victor Torres Jeldes,0,,,,,,,3
1677,Waldo Mora Longa,0,,,,,,,3
1625,William Turpin Thayer Arteaga,0,,,,,,,3
447,Wilna Yolanda Saavedra Cortes,0,,,,,,,3
2803,Wladimir Lenin Chavez Rodriguez,0,,,,,,,3
3196,Ximena Valcarce Becerra,0,,,,,,,3
1580,Ximena Vidal Lazaro,0,,,,,,,3
3609,Zarko Luksic Sandoval,0,,,,,,,3
4584,Alvaro Elizalde Soto,0,,,,,,,3
516,Alvaro Escobar Rufatt,0,,,,,,,3
533,Angel Faivovich Hitzcovich,0,,,,,,,3
874,Vicente Karelovic Vrandecic,0,,,,,,,3
3133,Vicente Atencio Cortes,0,,,,,,,3
2561,Sergio Jara Catalan,0,,,,,,,3
12,Vicente Agustin Sota Barros,0,,,,,,,3
1964,Sergio Mariano Ruiz Esquide Jara,0,,,,,,,3
482,Sergio Morales Morales,0,,,,,,,3
1876,Sergio Ojeda Doren,0,,,,,,,3
1175,Sergio Ojeda Uribe,0,,,,,,,3
3870,Sergio Onofre Jarpa Reyes,0,,,,,,,3
3518,Sergio Pizarro Mackay,0,,,,,,,3
2048,Sergio Paez Verdugo,0,,,,,,,3
443,Sergio Romero Pizarro,0,,,,,,,3
2832,Sergio Saavedra Viollier,0,,,,,,,3
3865,Sergio Velasco De La Cerda,0,,,,,,,3
276,Silvia Alessandri Montes,0,,,,,,,3
1686,Silvia Costa Espinoza,0,,,,,,,3
1131,Silvia Emiliana Pinto Torres,0,,,,,,,3
624,Silvia Victoria Araya Gonzalez,0,,,,,,,3
206,Silvio Rodriguez Villalobos,0,,,,,,,3
1838,Telesforo Mario Barahona Ceballos,0,,,,,,,3
2102,Teodoro Ribera Neumann,0,,,,,,,3
2733,Tolentino Perez Soto,0,,,,,,,3
1224,Tomas Chadwick Valdes,0,,,,,,,3
519,Tomas Edison Irribarra De La Torre,0,,,,,,,3
2505,Tomas Enrique Solis Nova,0,,,,,,,3
4641,Tomas Fuentes Barros,0,,,,,,,3
522,Tomas Jocelyn Holt Letelier,0,,,,,,,3
3539,Tomas Pablo Elorza,0,,,,,,,3
3635,Tucapel Jimenez Fuentes,0,,,,,,,3
3728,Tulio Renan Fuentealba Moena,0,,,,,,,3
7,Ulises Correa Correa,0,,,,,,,3
3779,Valentin Solis Cabezas,0,,,,,,,3
1631,Venancio Conuepan Huenchual,0,,,,,,,3
122,Rene Saffirio Espinoza,0,,,,,,,3
227,Rene Benedicto Leon Echaiz,0,,,,,,,3
835,Maximiano Errazuriz Eguiguren,0,,,,,,,3
2879,Osvaldo Temer Oyarzun,0,,,,,,,3
2589,Orlando Severo Vargas Pizarro,0,,,,,,,3
697,Oscar Alfredo Naranjo Jara,0,,,,,,,3
3380,Oscar Gajardo Villarroel,0,,,,,,,3
1121,Juan Efrain Ojeda Ojeda,0,,,,,,,3
3365,Oscar Guillermo Garreton Purcell,0,,,,,,,3
1188,Oscar Juan Edgardo Schleyer Springmuller,0,,,,,,,3
2971,Oscar Marin Socias,0,,,,,,,3
970,Oscar Moya Munoz,0,,,,,,,3
3184,Oscar Rodulfo Gonzalez Robles,0,,,,,,,3
3643,Osvaldo Andrade Lara,0,,,,,,,3
464,Osvaldo Basso Carvajal,0,,,,,,,3
3581,Osvaldo Giannini Iniguez,0,,,,,,,3
599,Osvaldo Opelio Olguin Zapata,0,,,,,,,3
3371,Osvaldo Palma Flores,0,,,,,,,3
4511,Osvaldo Urrutia Soto,0,,,,,,,3
933,Rene Aurelio Jerez Contreras,0,,,,,,,3
3817,Osvaldo Vega Vera,0,,,,,,,3
2298,Pabla Toledo Obando,0,,,,,,,3
3079,Pablo Fernando Rosselot Jaramillo,0,,,,,,,3
3178,Pablo Galilea Carrillo,0,,,,,,,3
4627,Pablo Kast Sommerhoff,0,,,,,,,3
1900,Pablo Longueira Montes,0,,,,,,,3
1001,Pablo Lorenzini Basso,0,,,,,,,3
864,Pablo Prieto Lorca,0,,,,,,,3
1290,Pablo Silva ,0,,,,,,,3
4573,Pablo Vidal Rojas,0,,,,,,,3
2751,Pacifico Encina Romero,0,,,,,,,3
4646,Patricia Rubio Escobar,0,,,,,,,3
2840,Patricio Alejandro Hales Dib,0,,,,,,,3
3123,Patricio Aylwin Azocar,0,,,,,,,3
2867,Orlando Octavio Poblete Gonzalez,0,,,,,,,3
1313,Orlando Del Fierro Demartini,0,,,,,,,3
611,Orel Viciani Escker,0,,,,,,,3
3279,Olga Feliu Segovia,0,,,,,,,3
3342,Maximiano Errazuriz Valdes,0,,,,,,,3
4508,Maya Fernandez Allende,0,,,,,,,3
566,Miguel Adolfo Zaldivar Larrain,0,,,,,,,3
4582,Miguel Crispi Serrano,0,,,,,,,3
740,Miguel Eduardo Jarpa Vallejos,0,,,,,,,3
2091,Miguel Hernandez Saffirio,0,,,,,,,3
2050,Miguel Luis Amunategui Johnson,0,,,,,,,3
2208,Miguel Luis Lagos Lagos,0,,,,,,,3
4544,Miguel Angel Alvarado Ramirez,0,,,,,,,3
2812,Milenko Vilicic Karnincic,0,,,,,,,3
349,Miodrag Arturo Marinovic Solo De Zaldivar,0,,,,,,,3
1553,Mireya Baltra Moreno,0,,,,,,,3
1173,Maximo Pacheco Gomez,0,,,,,,,3
1937,Maximo Venegas Sepulveda,0,,,,,,,3
246,Monica Beatriz Zalaquett Said,0,,,,,,,3
18,Narciso Irureta Aburto,0,,,,,,,3
4626,Natalia Castillo Munoz,0,,,,,,,3
662,Nelson Jaime Avila Contreras,0,,,,,,,3
3386,Nicanor Allende Urrutia,0,,,,,,,3
344,Nicanor Araya De La Cruz,0,,,,,,,3
3838,Nicolas Diaz Sanchez,0,,,,,,,3
428,Nicolas Monckeberg Diaz,0,,,,,,,3
1899,Nicolas Naranjo Palacios,0,,,,,,,3
4612,Nicolas Noman Garrido,0,,,,,,,3
2053,Nicolas Rojas ,0,,,,,,,3
899,Nino Baltolu Rasera,0,,,,,,,3
4640,Nora Cuevas Contreras,0,,,,,,,3
1284,Nestor Jofre Nunez,0,,,,,,,3
2292,Octavio Jara Wolff,0,,,,,,,3
3395,Patricio Bryan Mekis Spikin,0,,,,,,,3
526,Patricio Calderon ,0,,,,,,,3
3404,Patricio Cornejo Vidaurrazaga,0,,,,,,,3
3799,Rafael De La Rosa ,0,,,,,,,3
78,Rafael Roberto Tarud Siwady,0,,,,,,,3
934,Ramon Augusto Silva Ulloa,0,,,,,,,3
923,Ramon Barros Luco,0,,,,,,,3
3625,Ramon Barros Montero,0,,,,,,,3
2490,Ramon Elizalde Hevia,0,,,,,,,3
2163,Ramon Errazuriz Errazurriz,0,,,,,,,3
2993,Ramon Farias Ponce,0,,,,,,,3
4575,Ramon Galleguillos Castillo,0,,,,,,,3
3587,Ramon Rozas Rozas,0,,,,,,,3
3745,Ramon Segundo Perez Opazo,0,,,,,,,3
1462,Ramon Segundo Subercaseaux ,0,,,,,,,3
1859,Ramon Vega Hidalgo,0,,,,,,,3
2968,Raul Armando Barrionuevo Barrionuevo,0,,,,,,,3
2243,Raul Eduardo Gormaz Molina,0,,,,,,,3
1151,Raul Galvarino Ampuero Diaz,0,,,,,,,3
1378,Raul Hernan Brucher Encina,0,,,,,,,3
2108,Raul Hernan Morales Adriasola,0,,,,,,,3
3815,Raul Herrera Herrera,0,,,,,,,3
2348,Raul Juliet Gomez,0,,,,,,,3
3139,Raul Marin Balmaceda,0,,,,,,,3
4533,Raul Saldivar Auger,0,,,,,,,3
345,Raul Sanchez Banados,0,,,,,,,3
1399,Raul Sunico Galdames,0,,,,,,,3
2689,Raul Urrutia Avila,0,,,,,,,3
3764,Renato Emilio De La Jara Parada,0,,,,,,,3
4615,Renato Garin Gonzalez,0,,,,,,,3
1405,Renato Ludwig Laemmermann Monsalves,0,,,,,,,3
629,Renato Valenzuela Labbe,0,,,,,,,3
2555,Rene Aedo Ormeno,0,,,,,,,3
3660,Rafael Otero Echeverria,0,,,,,,,3
371,Rafael De La Presa Casanueva,0,,,,,,,3
2896,Patricio Hurtado Pereira,0,,,,,,,3
1975,Rafael Arratia Valdebenito,0,,,,,,,3
504,Patricio Melero Abaroa,0,,,,,,,3
1944,Patricio Phillips Penafiel,0,,,,,,,3
3449,Patricio Vallespin Lopez,0,,,,,,,3
802,Patricio Walker Prieto,0,,,,,,,3
376,Paul Aldunate Phillips,0,,,,,,,3
994,Pedro Alvarez-Salamanca Ramirez,0,,,,,,,3
1710,Pedro Antonio Acuna ,0,,,,,,,3
363,Pedro Antonio Jauregui Castro,0,,,,,,,3
2064,Pedro Arnoldo Urra Veloso,0,,,,,,,3
1763,Pedro Browne Urrejola,0,,,,,,,3
1834,Pedro Crispino Stark Troncoso,0,,,,,,,3
809,Pedro Felipe Ramirez Ceballos,0,,,,,,,3
2497,Pedro Hector Alvarado Paez,0,,,,,,,3
66,Pedro Hector Munoz Aburto,0,,,,,,,3
2591,Pedro Ibanez Ojeda,0,,,,,,,3
941,Pedro Munoz Rojas,0,,,,,,,3
467,Pedro Nolasco Del Carmen Videla Riquelme,0,,,,,,,3
1877,Pedro Nolasco Muga Gonzalez,0,,,,,,,3
3440,Pedro Opitz Velasquez,0,,,,,,,3
3831,Pedro Pablo Araya Ortiz,0,,,,,,,3
451,Pedro Pablo Benavides ,0,,,,,,,3
1616,Pedro Pablo Alvarez Salamanca Buchi,0,,,,,,,3
1433,Pedro Ramirez ,0,,,,,,,3
137,Pedro Vargas ,0,,,,,,,3
1942,Pedro Velasquez Seguel,0,,,,,,,3
1390,Pepe Auth Stewart,0,,,,,,,3
4519,Rabindranath Quinteros Lara,0,,,,,,,3
256,Rafael  Agustin Gumucio Vives,0,,,,,,,3
3414,Rafael Adolfo Moreno Rojas,0,,,,,,,3
1119,Juan Emeterio Martinez Camps,0,,,,,,,3
2231,Jose Antonio Kast Rist,0,,,,,,,3
1126,Juan Concha Urbina,0,,,,,,,3
2848,Edgardo Barrueto Reeves,0,,,,,,,3
1752,Cesar Ruiz Danyau,0,,,,,,,3
4505,Daniel Farcas Guendelman,0,,,,,,,3
1493,Daniel Salinas Munoz,0,,,,,,,3
4614,Daniel Verdessi Belemmi,0,,,,,,,3
445,Dario Molina Sanhueza,0,,,,,,,3
3675,Dario Paya Mira,0,,,,,,,3
1835,David Marzan ,0,,,,,,,3
2464,Denise Pascal Allende,0,,,,,,,3
2698,Diego A. Guzman ,0,,,,,,,3
4515,Diego Paulsen Kehr,0,,,,,,,3
2641,Dionisio Ventura Faulbaum Mayorga,0,,,,,,,3
921,Domingo Alberto Alfredo Cuadra Gazmuri,0,,,,,,,3
285,Domingo Claps Gallo,0,,,,,,,3
1316,Duberildo Jaque Araneda,0,,,,,,,3
2070,Edgardo Boeninger Kausel,0,,,,,,,3
1007,Cesar Godoy Urrutia,0,,,,,,,3
1409,Edgardo Riveros Marin,0,,,,,,,3
920,Edgardo Rolando Schmauk Schaeffer,0,,,,,,,3
1116,Edmundo Eluchans Malherbe,0,,,,,,,3
3473,Edmundo Eluchans Urenda,0,,,,,,,3
3006,Edmundo Salas De La  Fuente,0,,,,,,,3
2180,Edmundo Salinas Claveria,0,,,,,,,3
3602,Edmundo Villouta Concha,0,,,,,,,3
1841,Eduardo Alessandri Rodriguez,0,,,,,,,3
318,Eduardo Antonio Cerda Garcia,0,,,,,,,3
3108,Eduardo Diaz Del Rio,0,,,,,,,3
3185,Eduardo Francisco Contreras Mella,0,,,,,,,3
2273,Eduardo Frei Montalva,0,,,,,,,3
3080,Eduardo Frei Ruiz-Tagle,0,,,,,,,3
3839,Eduardo Germain Koening,0,,,,,,,3
1700,Cesar Raul Fuentes Venegas,0,,,,,,,3
857,Cesar Augusto Parra Munoz,0,,,,,,,3
3534,Fernando Raimundo Buzeta Gonzalez,0,,,,,,,3
1619,Claudia Nogueira Fernandez,0,,,,,,,3
1333,Carlos Smok Ubeda,0,,,,,,,3
854,Carlos Sivori Alzerreca,0,,,,,,,3
2684,Carlos Urrutia Rozas,0,,,,,,,3
2052,Carlos Valcarce Medina,0,,,,,,,3
2287,Carlos Villalobos Sepulveda,0,,,,,,,3
139,Carmen Frei Ruiz Tagle,0,,,,,,,3
1459,Carmen Ibanez Soto,0,,,,,,,3
3896,Carmen Lazo Carrera,0,,,,,,,3
1706,Carolina Goic Boroevic,0,,,,,,,3
1812,Carolina Toha Morales,0,,,,,,,3
3369,Celso Morales Munoz,0,,,,,,,3
1643,Cesareo Juvenal Castillo Michea,0,,,,,,,3
4532,Christian Urizar Munoz,0,,,,,,,3
2156,Cipriano Agustin Pontigo Urrutia,0,,,,,,,3
1,Claudio Alvarado Andrade,0,,,,,,,3
3039,Cristian Monckeberg Bruner,0,,,,,,,3
4518,Claudio Arriagada Macaya,0,,,,,,,3
2996,Claudio Fernando Cancino Tellez,0,,,,,,,3
1404,Claudio Humberto Huepe Garcia,0,,,,,,,3
1649,Claudio Orrego Vicuna,0,,,,,,,3
1574,Claudio Rodriguez Cataldo,0,,,,,,,3
1219,Clemente Fuentealba Caamano,0,,,,,,,3
2797,Clemira Pacheco Rivas,0,,,,,,,3
3050,Clodomiro Almeyda Medina,0,,,,,,,3
3796,Constantino Nicanor Suarez Gonzalez,0,,,,,,,3
2529,Cristian Antonio Leay Moran,0,,,,,,,3
1343,Cristian Pareto Vergara,0,,,,,,,3
2356,Cristina Girardi Lavin,0,,,,,,,3
770,Cristian Campos Jara,0,,,,,,,3
856,Cristian Letelier Aguilar,0,,,,,,,3
2654,Eduardo Jorge Clavel Amion,0,,,,,,,3
1663,Eduardo Julio Magno Sepulveda Munoz,0,,,,,,,3
1726,Eduardo King Caldichoury,0,,,,,,,3
1949,Federico Mekis Martinez,0,,,,,,,3
1997,Esteban Valenzuela Van Treek,0,,,,,,,3
2904,Eugenio Bauer Jouanne,0,,,,,,,3
3007,Eugenio Cantuarias Larrondo,0,,,,,,,3
3335,Eugenio Munizaga Rodriguez,0,,,,,,,3
1220,Eugenio Ortega Riquelme,0,,,,,,,3
1305,Eugenio Ortuzar Latapiat,0,,,,,,,3
1745,Eugenio Tuma Zedan,0,,,,,,,3
3020,Evaldo Klein Doerner,0,,,,,,,3
53,Evelyn Matthei Fornet,0,,,,,,,3
2623,Exequiel Gonzalez Madariaga,0,,,,,,,3
181,Exequiel Silva Ortiz,0,,,,,,,3
1795,Fanny Pollarolo Villa,0,,,,,,,3
1930,Fanor Velasco Salamo,0,,,,,,,3
3375,Federico Bucher Weibel,0,,,,,,,3
785,Federico Ringeling Hunger,0,,,,,,,3
3811,Eduardo Lagos Herrera,0,,,,,,,3
3142,Felipe Balbontin Rodriguez-Brito,0,,,,,,,3
4529,Felipe De Mussy Hiriart,0,,,,,,,3
862,Felipe Harboe Bascunan,0,,,,,,,3
2395,Felipe Letelier Norambuena,0,,,,,,,3
3486,Felipe Salaberry Soto,0,,,,,,,3
3485,Felipe Valenzuela Herrera,0,,,,,,,3
75,Felipe Ward Edwards,0,,,,,,,3
2140,Fermin Fierro Luengo,0,,,,,,,3
2154,Fernando Alessandri Rodriguez,0,,,,,,,3
1821,Fernando Cordero Rusque,0,,,,,,,3
3501,Fernando Humberto Andres Sanhueza Herbage,0,,,,,,,3
2542,Fernando Maturana Erbetta,0,,,,,,,3
3138,Fernando Meza Moncada,0,,,,,,,3
32,Fernando Ochagavia Valdes,0,,,,,,,3
3552,Esteban Romero Sandoval,0,,,,,,,3
2074,Esteban Leyton Soto,0,,,,,,,3
3541,Esteban Iturra Pacheco,0,,,,,,,3
1184,Erwin Arturo Frei Bolivar,0,,,,,,,3
1176,Eduardo Octavio Koenig Carrillo,0,,,,,,,3
2986,Eduardo Saffirio Suarez,0,,,,,,,3
64,Eduardo Sepulveda Whittle,0,,,,,,,3
1147,Egidio Jara ,0,,,,,,,3
1312,Eliana Aranibar Figueroa,0,,,,,,,3
965,Eliana Caraball Martinez,0,,,,,,,3
3847,Emilio Lorenzini Gratwohl,0,,,,,,,3
25,Emilio Molina Pincheira,0,,,,,,,3
4016,Ena Von Baer Jahn,0,,,,,,,3
2200,Enrique Accorsi Opazo,0,,,,,,,3
2762,Enrique Augusto Ignacio Edwards Orrego,0,,,,,,,3
2967,Enrique Curti Cannobio,0,,,,,,,3
1494,Enrique Estay Penaloza,0,,,,,,,3
1723,Enrique Fulner ,0,,,,,,,3
2039,Enrique Gana Munizaga,0,,,,,,,3
627,Enrique Jaramillo Becker,0,,,,,,,3
3137,Enrique Krauss Rusque,0,,,,,,,3
2481,Enrique Larre Asenjo,0,,,,,,,3
3167,Enrique Silva Cimma,0,,,,,,,3
580,Enrique Van Rysselberghe Varela,0,,,,,,,3
1866,Enrique Zorrilla Concha,0,,,,,,,3
3269,Enrique Zurita Camps,0,,,,,,,3
2851,Erick Villegas Gonzalez,0,,,,,,,3
361,Ernesto Barros Jarpa,0,,,,,,,3
936,Ernesto Corvalan Sanchez,0,,,,,,,3
1303,Ernesto Guajardo Gomez,0,,,,,,,3
1074,Ernesto Segundo Araneda Briones,0,,,,,,,3
826,Ernesto Silva Mendez,0,,,,,,,3
590,Ernesto Silva Roman,0,,,,,,,3
4,Carlos Santiago Avendano Ortuzar,0,,,,,,,3
2454,Carlos Roberto Martinez Martinez,0,,,,,,,3
782,Carlos Roberto Letelier Bobadilla,0,,,,,,,3
2743,Andres Aylwin Azocar,0,,,,,,,3
2584,Alfredo Macario Lorca Valencia,0,,,,,,,3
1839,Alonso Zumaeta Faune,0,,,,,,,3
1425,Alvaro Erick Schnake Silva,0,,,,,,,3
2858,Amanda Elisa Altamirano Guerrero,0,,,,,,,3
4556,Amaro Labra Sepulveda,0,,,,,,,3
2099,Amelia Herrera Silva,0,,,,,,,3
616,Americo Arturo Acuna Rosas,0,,,,,,,3
3130,Ana Eugenia Ugalde Arias,0,,,,,,,3
3382,Ana Maria Rodriguez Rodriguez,0,,,,,,,3
1283,Anatolio Salinas Navarro,0,,,,,,,3
1252,Andrea Molina Oliva,0,,,,,,,3
4547,Andrea Parra Sauterel,0,,,,,,,3
2056,Andres Allamand Zavala,0,,,,,,,3
902,Andres Antonio Egana Respaldiza,0,,,,,,,3
2021,Andres Chadwick Pinera,0,,,,,,,3
1145,Antonio Segundo Ruiz Paredes,0,,,,,,,3
4557,Andres Molina Magofke,0,,,,,,,3
3438,Andres Olivares ,0,,,,,,,3
1165,Andres Palma Irarrazaval,0,,,,,,,3
171,Andres Segundo Sepulveda Carmona,0,,,,,,,3
1976,Andres Sotomayor Mardones,0,,,,,,,3
2035,Andres Zaldivar Larrain,0,,,,,,,3
3049,Aniceto Rodriguez Arenas,0,,,,,,,3
1636,Anselmo Del Rosario Quezada Quezada,0,,,,,,,3
2058,Antonella Sciaraffia Estrada,0,,,,,,,3
315,Antonio Del Alcazar ,0,,,,,,,3
2855,Antonio Damaso Del Rio ,0,,,,,,,3
882,Antonio Elias Tavolari Vasquez,0,,,,,,,3
325,Antonio Horvath Kiss,0,,,,,,,3
372,Antonio Leal Labrin,0,,,,,,,3
3765,Alfonso Vargas Lyng,0,,,,,,,3
1517,Alfonso Suarez Obiol,0,,,,,,,3
3538,Alfonso Ansieta Nunez,0,,,,,,,3
5280,Alexis Cortes Morales,0,,,,,,,3
2600,Adriana Munoz D' Albora,0,,,,,,,3
3259,Agustin Acuna Mendez,0,,,,,,,3
2846,Alamiro Esteban Sainz Argomaniz,0,,,,,,,3
1586,Alberto Baltra Cortes,0,,,,,,,3
1916,Alberto Cooper Valencia,0,,,,,,,3
3472,Alberto Decombe Edwards,0,,,,,,,3
2566,Alberto Espina Otero,0,,,,,,,3
2453,Alberto Eugenio Cardemil Herrera,0,,,,,,,3
1954,Alberto Jaramillo Borquez,0,,,,,,,3
3615,Alberto Javier Rafael Zaldivar Larrain,0,,,,,,,3
1629,Alberto Jorge Jerez Horta,0,,,,,,,3
2683,Alberto Naudon Abarca,0,,,,,,,3
2228,Alberto Robles Pantoja,0,,,,,,,3
3851,Alberto Tercero Daiber Etcheberry,0,,,,,,,3
997,Albino Barra Villalobos,0,,,,,,,3
1714,Aldo Cornejo Gonzalez,0,,,,,,,3
5285,Alejandra Krauss Valle,0,,,,,,,3
2468,Alejandro Bell Jara,0,,,,,,,3
3407,Alejandro Enrique Toro Herrera,0,,,,,,,3
2571,Alejandro Garcia-Huidobro Sanfuentes,0,,,,,,,3
4512,Alejandro Guillier Alvarez,0,,,,,,,3
2502,Alejandro Hales Jamarne,0,,,,,,,3
1432,Alejandro Jiliberto Zepeda,0,,,,,,,3
498,Alejandro Miguel Sule Fernandez,0,,,,,,,3
3688,Alejandro Navarro Brain,0,,,,,,,3
2836,Alejandro Noemi Huerta,0,,,,,,,3
167,Alejandro Santana Tirachini,0,,,,,,,3
68,Alejandro Tomas Foxley Rioseco,0,,,,,,,3
2628,Alejandro Victor Manuel Rojas Wainer,0,,,,,,,3
2094,Antonio Orpis Birchmeier,0,,,,,,,3
2360,Anibal Juan Esteban Scarella Calandroni,0,,,,,,,3
303,Carlos Recondo Lavanderos,0,,,,,,,3
703,Carlos Demarchi Kempowsky,0,,,,,,,3
2718,Carlos Abel Jarpa Wevar,0,,,,,,,3
845,Carlos Alfredo Vilches Guzman,0,,,,,,,3
957,Carlos Altamirano Orrego,0,,,,,,,3
3686,Carlos Andrade Vera,0,,,,,,,3
606,Carlos Anibal Larrain Pena,0,,,,,,,3
618,Carlos Arturo Garces Fernandez,0,,,,,,,3
3859,Carlos Arturo Rosales Gutierrez,0,,,,,,,3
2908,Carlos Augusto Vial Espantoso,0,,,,,,,3
2721,Carlos Bombal Otaegui,0,,,,,,,3
2905,Carlos Caminondo Saez,0,,,,,,,3
337,Carlos Cantero Ojeda,0,,,,,,,3
2886,Carlos Contreras Labarca,0,,,,,,,3
793,Carlos Cortes Silva,0,,,,,,,3
2419,Carlos Del Rio ,0,,,,,,,3
485,Carlos Dupre Silva,0,,,,,,,3
1336,Anibal Perez Lobos,0,,,,,,,3
673,Carlos Fernando Flores Labra,0,,,,,,,3
979,Carlos Gonzalez Jaksic,0,,,,,,,3
2003,Carlos Gonzalez Marquez,0,,,,,,,3
2379,Carlos Hernan Bosselin Correa,0,,,,,,,3
728,Carlos Hidalgo Gonzalez,0,,,,,,,3
3573,Carlos Leon Palma,0,,,,,,,3
1907,Carlos Lorca Tobar,0,,,,,,,3
3537,Carlos Luis Gonzalez Utreras,0,,,,,,,3
1667,Carlos Montes Cisternas,0,,,,,,,3
797,Carlos Morales Abarzua,0,,,,,,,3
3787,Carlos Munoz Horz,0,,,,,,,3
3055,Carlos Olivares Zepeda,0,,,,,,,3
2457,Carlos Ominami Pascual,0,,,,,,,3
3510,Carlos Orlando Cerda Aguilera,0,,,,,,,3
4639,Camilo Moran Bahamondes,0,,,,,,,3
2146,Camilo Escalona Medina,0,,,,,,,3
2428,Camilo Armando Salvo Inostroza,0,,,,,,,3
4538,Camila Vallejo Dowling,0,,,,,,,3
4595,Aracely Leuquen Uribe,0,,,,,,,3
2461,Armando Arancibia Calderon,0,,,,,,,3
1042,Armando Barrientos Miranda,0,,,,,,,3
935,Armando Hernandez ,0,,,,,,,3
453,Armando Holzapfel Alvarez,0,,,,,,,3
682,Armando Jose Domingo Jaramillo Lyon,0,,,,,,,3
1223,Armando Montes Velasco,0,,,,,,,3
1531,Arturo Alessandri Besa,0,,,,,,,3
2545,Arturo Carvajal Acuna,0,,,,,,,3
1115,Arturo Longton Guerrero,0,,,,,,,3
2283,Arturo Perez Palavecino,0,,,,,,,3
2413,Arturo Squella Ovalle,0,,,,,,,3
2701,Arturo Valdes Phillips,0,,,,,,,3
3349,Augusto Pinochet Ugarte,0,,,,,,,3
3474,Baldemar Carrasco Munoz,0,,,,,,,3
2017,Baldo Prokurica Prokurica,0,,,,,,,3
705,Belarmino Elgueta Becker,0,,,,,,,3
23,Beltran Urenda Zegers,0,,,,,,,3
3295,Benjamin Lavin Matta,0,,,,,,,3
2218,Benjamin Prado Casas,0,,,,,,,3
769,Bernardino Segundo Guerra Cofre,0,,,,,,,3
3287,Bernardo Araya Zuleta,0,,,,,,,3
2234,Bernardo Larrain Vial,0,,,,,,,3
1454,Bernardo Leighton Guzman,0,,,,,,,3
5284,Bettina Horst Von Thadden,0,,,,,,,3
1499,Blanca Adelina Retamal Contreras,0,,,,,,,3
3531,Blas Bellolio Zappettini,0,,,,,,,3
3867,Boris Tapia Martinez,0,,,,,,,3
549,Bruno Guillermo Siebert Held,0,,,,,,,3
3772,Fernando Otto Schott Scheuch,0,,,,,,,3
2556,Fernando Romero Vasquez,0,,,,,,,3
427,Juan Carlos Latorre Carmona,0,,,,,,,3
2813,Jorge Eduardo Osorio Pardo,0,,,,,,,3
1640,Joaquin Walker Larrain,0,,,,,,,3
2881,Joel Rosales Guzman,0,,,,,,,3
3242,Joel Segundo Marambio Paez,0,,,,,,,3
2346,Jonas Gomez Gallo,0,,,,,,,3
2002,Jorge Adolfo Saelzer Balde,0,,,,,,,3
2841,Jorge Alessandri Rodriguez,0,,,,,,,3
1178,Jorge Antonio Montes Moraga,0,,,,,,,3
3197,Jorge Aravena Carrasco,0,,,,,,,3
2062,Jorge Aspee Rodriguez,0,,,,,,,3
1578,Jorge Burgos Varela,0,,,,,,,3
2944,Jorge Cabello Pizarro,0,,,,,,,3
3187,Jorge Cvitanic Simunovic,0,,,,,,,3
3277,Jorge Domingo Godoy Matte,0,,,,,,,3
3405,Jorge Eduardo Ibanez Vergara,0,,,,,,,3
119,Jorge Exequiel Lavandero Illanes,0,,,,,,,3
3447,Joaquin Segundo Morales Abarzua,0,,,,,,,3
758,Jorge Gonzalez Von Marees,0,,,,,,,3
1154,Jorge Insunza Becker,0,,,,,,,3
2805,Jorge Insunza Gregorio De Las Heras,0,,,,,,,3
173,Jorge Ivan Hubner Gallo,0,,,,,,,3
2270,Jorge Lavandero Eyzaguirre,0,,,,,,,3
2678,Jorge Martinez Busch,0,,,,,,,3
82,Jorge Mauricio Riesco Errazuriz,0,,,,,,,3
3874,Jorge Miguel Otero Lathrop,0,,,,,,,3
1268,Jorge Molina Valdivieso,0,,,,,,,3
3704,Jorge Morales Adriasola,0,,,,,,,3
2425,Jorge Patricio Arancibia Reyes,0,,,,,,,3
218,Jorge Pizarro Soto,0,,,,,,,3
2664,Jorge Prieto Echaurren,0,,,,,,,3
168,Jorge Sabag Villalobos,0,,,,,,,3
2928,Joaquin Tuma Zedan,0,,,,,,,3
3374,Joaquin Palma Irarrazaval,0,,,,,,,3
1602,Fernando Santiago Agurto Ramirez,0,,,,,,,3
4526,Jaime Bellolio Avaria,0,,,,,,,3
3397,Issa Kort Garriga,0,,,,,,,3
2459,Ivan De La Maza Maillet,0,,,,,,,3
1458,Ivan Eliseo Quintana Miranda,0,,,,,,,3
4525,Ivan Fuentes Castillo,0,,,,,,,3
3381,Ivan Mesias Lehu,0,,,,,,,3
3360,Ivan Norambuena Farias,0,,,,,,,3
2020,Ivan Paredes Fierro,0,,,,,,,3
2686,Ivan Urzua Ahumada,0,,,,,,,3
3429,Jacinto Leon Lavin,0,,,,,,,3
410,Jacinto Vasquez ,0,,,,,,,3
2359,Jacobo Schaulsohn Numhauser,0,,,,,,,3
4514,Jacqueline Van Rysselberghe,0,,,,,,,3
5279,Jaime Arancibia Mattar,0,,,,,,,3
1071,Jaime Barros Perez Cotapos,0,,,,,,,3
2601,Jaime Bulnes Sanfuentes,0,,,,,,,3
2100,Joaquin Godoy Ibanez,0,,,,,,,3
1810,Jaime Campos Quiroga,0,,,,,,,3
2320,Jaime Concha Baranao,0,,,,,,,3
1159,Jaime Enrique Jimenez Villavicencio,0,,,,,,,3
491,Jaime Estevez Valencia,0,,,,,,,3
1819,Jaime Gazmuri Mujica,0,,,,,,,3
2436,Jaime Guzman Errazuriz,0,,,,,,,3
2927,Jaime Leon Suarez Bastidas,0,,,,,,,3
637,Jaime Orpis Bouchon,0,,,,,,,3
4527,Jaime Pilowsky Greene,0,,,,,,,3
2398,Jaime Rocha Manrique,0,,,,,,,3
4096,Jaime Toha Gonzalez,0,,,,,,,3
3251,Javier Hernandez Hernandez,0,,,,,,,3
74,Jenaro Lisboa Huerta,0,,,,,,,3
4509,Jenny Alvarez Vera,0,,,,,,,3
2835,Jorge Sabat Gozalo,0,,,,,,,3
640,Jorge Santibanez Ceardi,0,,,,,,,3
195,Jorge Schaulsohn Brodsky,0,,,,,,,3
2935,Jose Ruiz De Giorgio,0,,,,,,,3
1248,Jose Maria Hurtado Ruiz Tagle,0,,,,,,,3
1927,Jose Maria Lorca ,0,,,,,,,3
1112,Jose Matias Nunez Malhue,0,,,,,,,3
322,Jose Miguel Barriga Castro,0,,,,,,,3
44,Jose Miguel Bascunan ,0,,,,,,,3
2383,Jose Miguel Huerta Munoz,0,,,,,,,3
1209,Jose Miguel Ortiz Novoa,0,,,,,,,3
1689,Jose Orlando Millas Correa,0,,,,,,,3
3062,Jose Oyarzun Decouvieres,0,,,,,,,3
3574,Jose Pedro Guzman Alvarez,0,,,,,,,3
1772,Jose Pena Meza,0,,,,,,,3
2315,Jose Placido Musalem Saffie,0,,,,,,,3
2399,Jose Perez Arriagada,0,,,,,,,3
1984,Jose Ricardo Monares Gomez,0,,,,,,,3
699,Jose Tomas Camus Foncea,0,,,,,,,3
3302,Jorge Soria Macchiavello,0,,,,,,,3
3389,Jose Tomas Gallo Goyenechea,0,,,,,,,3
1694,Jose Tomas Reyes Vicuna,0,,,,,,,3
1135,Jose Urrutia ,0,,,,,,,3
3858,Jovino Novoa Vidal,0,,,,,,,3
2093,Jovino Novoa Vasquez,0,,,,,,,3
3567,Juan Acevedo Pavez,0,,,,,,,3
720,Juan Akin Soto Morales,0,,,,,,,3
3013,Juan Alberto Garcia Romero,0,,,,,,,3
3394,Juan Alberto Perez Munoz,0,,,,,,,3
2574,Juan Antonio Molina ,0,,,,,,,3
3696,Juan Bautista Bustos Valenzuela,0,,,,,,,3
2775,Juan Bautista Segundo Argandona Cortes,0,,,,,,,3
506,Juan Bosco Hugo Parra Alderete,0,,,,,,,3
2870,Juan Canessa Oneto,0,,,,,,,3
304,Jose Maria Hurtado Baquedano,0,,,,,,,3
919,Jose Maria Garcia ,0,,,,,,,3
317,Jose Manuel Rafael Tagle Valdes,0,,,,,,,3
2794,Jose Manuel Olaguer Feliu Y Rogells,0,,,,,,,3
1734,Jorge Tarud Daccarett,0,,,,,,,3
2635,Jorge Ulloa Aguillon,0,,,,,,,3
155,Jorge Urzua Urzua,0,,,,,,,3
500,Jose Antonio Galilea Vidaurre,0,,,,,,,3
1634,Jose Alfonso Rodriguez Del Rio,0,,,,,,,3
1311,Jose Amar Amar,0,,,,,,,3
1026,Jose Andres Aravena Cabezas,0,,,,,,,3
958,Jose Antonio Aspee ,0,,,,,,,3
2864,Jose Antonio Foncea Aedo,0,,,,,,,3
2332,Jose Antonio Francino ,0,,,,,,,3
2804,Jose Antonio Gomez Urrutia,0,,,,,,,3
1049,Adonis Ramon Sepulveda Acuna,0,,,,,,,3
3250,Jose Antonio Ramirez ,0,,,,,,,3
2469,Jose Antonio Viera Gallo Quesney,0,,,,,,,3
1701,Jose Candelario Ortiz ,0,,,,,,,3
2667,Jose Domingo Escorza Olmos,0,,,,,,,3
1786,Jose Francisco Encina Moriamez,0,,,,,,,3
2510,Jose Felix Garay Figueroa,0,,,,,,,3
3465,Jose Garcia Gonzalez,0,,,,,,,3
2000,Jose Gregorio Eguiguren Amunategui,0,,,,,,,3
2227,Jose Hugo Rosende Subiabre,0,,,,,,,3
3202,Jose Ignacio Palma Vicuna,0,,,,,,,3
1729,Jose Ignacio Urrutia Arcos,0,,,,,,,3
2472,Jose Luis Cademartori Invernizzi,0,,,,,,,3
2104,Jose Luis Gonzalez Rodriguez,0,,,,,,,3
671,Jose Luis Martin Mardones,0,,,,,,,3
2134,Jose Makluf Campos,0,,,,,,,3
3313,Jose Manuel Hurtado ,0,,,,,,,3
1946,Jose Manuel Isla Hevia,0,,,,,,,3
384,Ismael Pereira Lyon,0,,,,,,,3
2562,Isidoro Toha Gonzalez,0,,,,,,,3
2284,Isauro Torres Cereceda,0,,,,,,,3
2034,Gilberto Canales Canales,0,,,,,,,3
2644,Felix Santiago Gajardo Peillard,0,,,,,,,3
1777,Gabriel Ascencio Mansilla,0,,,,,,,3
4536,Gabriel Boric Font,0,,,,,,,3
2248,Gabriel De La Fuente Cortes,0,,,,,,,3
2787,Gabriel Silber Romo,0,,,,,,,3
160,Gabriel Valdes Subercaseaux,0,,,,,,,3
1664,Galvarino Melo Paez,0,,,,,,,3
3788,Gaspar Mora ,0,,,,,,,3
1882,Gaston Dario Da Bove Olave,0,,,,,,,3
2518,Gerardo Espinoza Carrillo,0,,,,,,,3
212,German Becker Alvear,0,,,,,,,3
2610,German Becker Baechler,0,,,,,,,3
1443,German Miguel Juan Riesco Zanartu,0,,,,,,,3
3446,German Verdugo Soto,0,,,,,,,3
4541,Giorgio Jackson Drago,0,,,,,,,3
1961,Guido Girardi Lavin,0,,,,,,,3
996,Giovanni Oscar Calderon Bassi,0,,,,,,,3
1005,Gladys Del Carmen Marin Millie,0,,,,,,,3
690,Gonzalo Arenas Hodar,0,,,,,,,3
2934,Gonzalo Duarte Leiva,0,,,,,,,3
4535,Gonzalo Fuenzalida Figueroa,0,,,,,,,3
1296,Gonzalo Ibanez Santa Maria,0,,,,,,,3
1487,Gonzalo Uriarte Herrera,0,,,,,,,3
3766,Gonzalo Yuseff Sotomayor,0,,,,,,,3
3471,Graciela Lacoste Navarro,0,,,,,,,3
3832,Gregorio Amunategui Jordan,0,,,,,,,3
2012,Gregorio Letelier ,0,,,,,,,3
1655,Gregorio Moreno ,0,,,,,,,3
1373,Gregorio Rene Garcia Sabugal,0,,,,,,,3
2795,Guido Castilla Hernandez,0,,,,,,,3
819,Felix Ernesto Iglesias Cortes,0,,,,,,,3
2312,Fulvio Rossi Ciocca,0,,,,,,,3
3356,Fuad Chahin Valenzuela,0,,,,,,,3
3037,Fritz Hillmann Suarez,0,,,,,,,3
355,Fernando Sotomayor Garcia,0,,,,,,,3
3877,Fernando Urizar ,0,,,,,,,3
788,Fidelma Allende Miranda,0,,,,,,,3
5293,Flavio Quezada Rodriguez,0,,,,,,,3
4613,Florcita Alarcon Rojas,0,,,,,,,3
2328,Florencio Duran Bernales,0,,,,,,,3
3291,Fortunato Venegas ,0,,,,,,,3
2085,Francisco Alejandro Roberto Wachholtz Araya,0,,,,,,,3
3293,Francisco Antonio Encina Armanet,0,,,,,,,3
3054,Francisco Bartolucci Johnston,0,,,,,,,3
3580,Francisco Bulnes Sanfuentes,0,,,,,,,3
3568,Francisco Barcena ,0,,,,,,,3
1590,Francisco Carvallo Elizalde,0,,,,,,,3
4555,Francisco Eguiguren Correa,0,,,,,,,3
2802,Francisco Fuenzalida ,0,,,,,,,3
2639,Francisco Javier Errazuriz Talavera,0,,,,,,,3
3273,Francisco Javier Labbe Labbe,0,,,,,,,3
492,Francisco Javier Lira Merino,0,,,,,,,3
2853,Francisco Javier Munoz Pizarro,0,,,,,,,3
2952,Francisco Leandro Bayo Veloso,0,,,,,,,3
3789,Francisco Osorio ,0,,,,,,,3
490,Francisco Prado ,0,,,,,,,3
1751,Francisco Prat Alemparte,0,,,,,,,3
2127,Francisco Ramon Undurraga Vicuna,0,,,,,,,3
3724,Francisco Renan Fuentealba Vildosola,0,,,,,,,3
199,Francisco Rogelio De La Fuente Gaete,0,,,,,,,3
461,Francisco Sepulveda Gutierrez,0,,,,,,,3
96,Francisco Sotomayor ,0,,,,,,,3
1298,Francisco De Borja Eguiguren Urrejola,0,,,,,,,3
420,Guido Girardi Briere,0,,,,,,,3
3732,Guillermo Ceroni Fuentes,0,,,,,,,3
655,Isaac Florencio Baltazar Castro Palma,0,,,,,,,3
859,Hector Leonidas Lehuede Alvarado,0,,,,,,,3
722,Hugo Orlando Robles Robles,0,,,,,,,3
2514,Hugo Ortiz De Filippi,0,,,,,,,3
3359,Hugo Rodriguez Guerrero,0,,,,,,,3
2449,Hugo Zepeda Coll,0,,,,,,,3
3706,Hugo Alamos Vasquez,0,,,,,,,3
2097,Humberto Aguirre Doolan,0,,,,,,,3
2032,Humberto Del Rio Gundian,0,,,,,,,3
1051,Humberto Enriquez Frodden,0,,,,,,,3
1963,Humberto Manuel Palza Corvacho,0,,,,,,,3
1806,Humberto Martones Morales,0,,,,,,,3
1332,Humberto Parada Berger,0,,,,,,,3
3024,Humberto Alvarez Suarez,0,,,,,,,3
330,Hector Castro Castro,0,,,,,,,3
3319,Hector Enrique Campos Perez,0,,,,,,,3
2760,Hector Luis Olivares Solis,0,,,,,,,3
213,Guillermo Chadwick Ortuzar,0,,,,,,,3
196,Hector Rios Rios,0,,,,,,,3
92,Hector Tellez Schwerter,0,,,,,,,3
2220,Hector Valenzuela Valderrama,0,,,,,,,3
861,Hector Zambrano Opazo,0,,,,,,,3
3200,Ignacio Arturo Prado Benitez,0,,,,,,,3
2947,Ignacio Balbontin Arteaga,0,,,,,,,3
2658,Ignacio Molina ,0,,,,,,,3
1596,Ignacio Perez Walker,0,,,,,,,3
3201,Ignacio Urrutia Bonilla,0,,,,,,,3
1039,Ignacio Urrutia Manzano,0,,,,,,,3
3186,Ignacio Urrutia Rozas,0,,,,,,,3
1495,Ignacio Urrutia De La Sotta,0,,,,,,,3
3336,Ignacio Walker Prieto,0,,,,,,,3
3579,Ines Leonor Enriquez Frodden,0,,,,,,,3
2358,Hugo Miranda Ramirez,0,,,,,,,3
3516,Hugo Gutierrez Galvez,0,,,,,,,3
1648,Hugo Eugenio Ballesteros Reyes,0,,,,,,,3
828,Hosain Sabag Castillo,0,,,,,,,3
395,Guillermo Donoso Vergara,0,,,,,,,3
1550,Guillermo Munoz Zuniga,0,,,,,,,3
3463,Guillermo Paulino Izquierdo Araya,0,,,,,,,3
3163,Guillermo Ramirez Sanz,0,,,,,,,3
2172,Guillermo Renato Gaona Acuna,0,,,,,,,3
302,Guillermo Teillier Del Valle,0,,,,,,,3
1720,Guillermo Vasquez Ubeda,0,,,,,,,3
777,Guillermo Yunge Bustamante,0,,,,,,,3
2302,Gustavo Alessandri Balmaceda,0,,,,,,,3
1792,Gustavo Alessandri Valdes,0,,,,,,,3
3059,Gustavo Cardemil Alfaro,0,,,,,,,3
3102,Gustavo Hasbun Selume,0,,,,,,,3
635,Gustavo Lorca Rojas,0,,,,,,,3
2177,Gustavo Loyola Vasquez,0,,,,,,,3
2181,Gustavo Monckeberg Barros,0,,,,,,,3
3533,Gustavo Ramirez Vergara,0,,,,,,,3
1319,Gutenberg Martinez Ocamica,0,,,,,,,3
2485,Hardy Rene Oscar Momberg Roa,0,,,,,,,3
2958,Haroldo Fossa Rojas,0,,,,,,,3
3834,Harry Jurgensen Caesar,0,,,,,,,3
2563,Hermes Ahumada Pacheco,0,,,,,,,3
2247,Hermogenes Labbe Labbe,0,,,,,,,3
907,Hermogenes Perez De Arce Ibieta,0,,,,,,,3
993,Hernan Alfredo Leigh Guzman,0,,,,,,,3
2008,Hernan Larrain Fernandez,0,,,,,,,3
2007,Hernan Modesto Olave Verdugo,0,,,,,,,3
278,Hernan Rojo Avendano,0,,,,,,,3
1185,Hernan Vodanovic Schnake,0,,,,,,,3
205,Homero Gutierrez Roman,0,,,,,,,3
3894,Angel Fantuzzi Hernandez,0,,,,,,,3
